USE [master]
GO
/****** Object:  Database [ShopDb_Hassanuzzaman_01735807216]    Script Date: 06-Mar-19 1:53:07 PM ******/
CREATE DATABASE [ShopDb_Hassanuzzaman_01735807216]
 CONTAINMENT = NONE
 ON  PRIMARY 
( NAME = N'ShopDb_Hassanuzzaman_01735807216', FILENAME = N'C:\Program Files (x86)\Microsoft SQL Server\MSSQL12.SQLEXPRESS\MSSQL\DATA\ShopDb_Hassanuzzaman_01735807216.mdf' , SIZE = 3264KB , MAXSIZE = UNLIMITED, FILEGROWTH = 1024KB )
 LOG ON 
( NAME = N'ShopDb_Hassanuzzaman_01735807216_log', FILENAME = N'C:\Program Files (x86)\Microsoft SQL Server\MSSQL12.SQLEXPRESS\MSSQL\DATA\ShopDb_Hassanuzzaman_01735807216_log.ldf' , SIZE = 832KB , MAXSIZE = 2048GB , FILEGROWTH = 10%)
GO
IF (1 = FULLTEXTSERVICEPROPERTY('IsFullTextInstalled'))
begin
EXEC [ShopDb_Hassanuzzaman_01735807216].[dbo].[sp_fulltext_database] @action = 'enable'
end
GO
ALTER DATABASE [ShopDb_Hassanuzzaman_01735807216] SET ANSI_NULL_DEFAULT OFF 
GO
ALTER DATABASE [ShopDb_Hassanuzzaman_01735807216] SET ANSI_NULLS OFF 
GO
ALTER DATABASE [ShopDb_Hassanuzzaman_01735807216] SET ANSI_PADDING OFF 
GO
ALTER DATABASE [ShopDb_Hassanuzzaman_01735807216] SET ANSI_WARNINGS OFF 
GO
ALTER DATABASE [ShopDb_Hassanuzzaman_01735807216] SET ARITHABORT OFF 
GO
ALTER DATABASE [ShopDb_Hassanuzzaman_01735807216] SET AUTO_CLOSE ON 
GO
ALTER DATABASE [ShopDb_Hassanuzzaman_01735807216] SET AUTO_SHRINK OFF 
GO
ALTER DATABASE [ShopDb_Hassanuzzaman_01735807216] SET AUTO_UPDATE_STATISTICS ON 
GO
ALTER DATABASE [ShopDb_Hassanuzzaman_01735807216] SET CURSOR_CLOSE_ON_COMMIT OFF 
GO
ALTER DATABASE [ShopDb_Hassanuzzaman_01735807216] SET CURSOR_DEFAULT  GLOBAL 
GO
ALTER DATABASE [ShopDb_Hassanuzzaman_01735807216] SET CONCAT_NULL_YIELDS_NULL OFF 
GO
ALTER DATABASE [ShopDb_Hassanuzzaman_01735807216] SET NUMERIC_ROUNDABORT OFF 
GO
ALTER DATABASE [ShopDb_Hassanuzzaman_01735807216] SET QUOTED_IDENTIFIER OFF 
GO
ALTER DATABASE [ShopDb_Hassanuzzaman_01735807216] SET RECURSIVE_TRIGGERS OFF 
GO
ALTER DATABASE [ShopDb_Hassanuzzaman_01735807216] SET  ENABLE_BROKER 
GO
ALTER DATABASE [ShopDb_Hassanuzzaman_01735807216] SET AUTO_UPDATE_STATISTICS_ASYNC OFF 
GO
ALTER DATABASE [ShopDb_Hassanuzzaman_01735807216] SET DATE_CORRELATION_OPTIMIZATION OFF 
GO
ALTER DATABASE [ShopDb_Hassanuzzaman_01735807216] SET TRUSTWORTHY OFF 
GO
ALTER DATABASE [ShopDb_Hassanuzzaman_01735807216] SET ALLOW_SNAPSHOT_ISOLATION OFF 
GO
ALTER DATABASE [ShopDb_Hassanuzzaman_01735807216] SET PARAMETERIZATION SIMPLE 
GO
ALTER DATABASE [ShopDb_Hassanuzzaman_01735807216] SET READ_COMMITTED_SNAPSHOT ON 
GO
ALTER DATABASE [ShopDb_Hassanuzzaman_01735807216] SET HONOR_BROKER_PRIORITY OFF 
GO
ALTER DATABASE [ShopDb_Hassanuzzaman_01735807216] SET RECOVERY SIMPLE 
GO
ALTER DATABASE [ShopDb_Hassanuzzaman_01735807216] SET  MULTI_USER 
GO
ALTER DATABASE [ShopDb_Hassanuzzaman_01735807216] SET PAGE_VERIFY CHECKSUM  
GO
ALTER DATABASE [ShopDb_Hassanuzzaman_01735807216] SET DB_CHAINING OFF 
GO
ALTER DATABASE [ShopDb_Hassanuzzaman_01735807216] SET FILESTREAM( NON_TRANSACTED_ACCESS = OFF ) 
GO
ALTER DATABASE [ShopDb_Hassanuzzaman_01735807216] SET TARGET_RECOVERY_TIME = 0 SECONDS 
GO
USE [ShopDb_Hassanuzzaman_01735807216]
GO
/****** Object:  UserDefinedTableType [dbo].[PURCHASEITEMTYPE]    Script Date: 06-Mar-19 1:53:07 PM ******/
CREATE TYPE [dbo].[PURCHASEITEMTYPE] AS TABLE(
	[ProductId] [int] NULL,
	[QTY] [int] NULL,
	[Price] [decimal](18, 2) NULL
)
GO
/****** Object:  UserDefinedTableType [dbo].[SALESITEMTYPE]    Script Date: 06-Mar-19 1:53:07 PM ******/
CREATE TYPE [dbo].[SALESITEMTYPE] AS TABLE(
	[ProductId] [int] NULL,
	[QTY] [int] NULL,
	[Price] [decimal](18, 2) NULL
)
GO
/****** Object:  Table [dbo].[__MigrationHistory]    Script Date: 06-Mar-19 1:53:07 PM ******/
SET ANSI_NULLS ON
GO
SET QUOTED_IDENTIFIER ON
GO
SET ANSI_PADDING ON
GO
CREATE TABLE [dbo].[__MigrationHistory](
	[MigrationId] [nvarchar](150) NOT NULL,
	[ContextKey] [nvarchar](300) NOT NULL,
	[Model] [varbinary](max) NOT NULL,
	[ProductVersion] [nvarchar](32) NOT NULL,
 CONSTRAINT [PK_dbo.__MigrationHistory] PRIMARY KEY CLUSTERED 
(
	[MigrationId] ASC,
	[ContextKey] ASC
)WITH (PAD_INDEX = OFF, STATISTICS_NORECOMPUTE = OFF, IGNORE_DUP_KEY = OFF, ALLOW_ROW_LOCKS = ON, ALLOW_PAGE_LOCKS = ON) ON [PRIMARY]
) ON [PRIMARY] TEXTIMAGE_ON [PRIMARY]

GO
SET ANSI_PADDING OFF
GO
/****** Object:  Table [dbo].[Customer]    Script Date: 06-Mar-19 1:53:07 PM ******/
SET ANSI_NULLS ON
GO
SET QUOTED_IDENTIFIER ON
GO
CREATE TABLE [dbo].[Customer](
	[Id] [int] IDENTITY(1,1) NOT NULL,
	[Name] [nvarchar](max) NULL,
	[Phone] [nvarchar](max) NULL,
 CONSTRAINT [PK_dbo.Customer] PRIMARY KEY CLUSTERED 
(
	[Id] ASC
)WITH (PAD_INDEX = OFF, STATISTICS_NORECOMPUTE = OFF, IGNORE_DUP_KEY = OFF, ALLOW_ROW_LOCKS = ON, ALLOW_PAGE_LOCKS = ON) ON [PRIMARY]
) ON [PRIMARY] TEXTIMAGE_ON [PRIMARY]

GO
/****** Object:  Table [dbo].[Product]    Script Date: 06-Mar-19 1:53:07 PM ******/
SET ANSI_NULLS ON
GO
SET QUOTED_IDENTIFIER ON
GO
CREATE TABLE [dbo].[Product](
	[Id] [int] IDENTITY(1,1) NOT NULL,
	[Name] [nvarchar](max) NULL,
	[PurchasePrice] [decimal](18, 2) NOT NULL,
	[SalesPrice] [decimal](18, 2) NOT NULL,
 CONSTRAINT [PK_dbo.Product] PRIMARY KEY CLUSTERED 
(
	[Id] ASC
)WITH (PAD_INDEX = OFF, STATISTICS_NORECOMPUTE = OFF, IGNORE_DUP_KEY = OFF, ALLOW_ROW_LOCKS = ON, ALLOW_PAGE_LOCKS = ON) ON [PRIMARY]
) ON [PRIMARY] TEXTIMAGE_ON [PRIMARY]

GO
/****** Object:  Table [dbo].[Purchase]    Script Date: 06-Mar-19 1:53:07 PM ******/
SET ANSI_NULLS ON
GO
SET QUOTED_IDENTIFIER ON
GO
CREATE TABLE [dbo].[Purchase](
	[Id] [int] IDENTITY(1,1) NOT NULL,
	[PurchaseDate] [datetime] NOT NULL,
	[SupplierId] [int] NULL,
	[TotalAmount] [decimal](18, 2) NOT NULL,
	[Discount] [decimal](18, 2) NOT NULL,
	[PaidAmount] [decimal](18, 2) NOT NULL,
 CONSTRAINT [PK_dbo.Purchase] PRIMARY KEY CLUSTERED 
(
	[Id] ASC
)WITH (PAD_INDEX = OFF, STATISTICS_NORECOMPUTE = OFF, IGNORE_DUP_KEY = OFF, ALLOW_ROW_LOCKS = ON, ALLOW_PAGE_LOCKS = ON) ON [PRIMARY]
) ON [PRIMARY]

GO
/****** Object:  Table [dbo].[PurchaseItems]    Script Date: 06-Mar-19 1:53:07 PM ******/
SET ANSI_NULLS ON
GO
SET QUOTED_IDENTIFIER ON
GO
CREATE TABLE [dbo].[PurchaseItems](
	[Id] [int] IDENTITY(1,1) NOT NULL,
	[ProductId] [int] NOT NULL,
	[QTY] [int] NOT NULL,
	[Price] [decimal](18, 2) NOT NULL,
	[PurchaseId] [int] NOT NULL DEFAULT ((0)),
 CONSTRAINT [PK_dbo.PurchaseItems] PRIMARY KEY CLUSTERED 
(
	[Id] ASC
)WITH (PAD_INDEX = OFF, STATISTICS_NORECOMPUTE = OFF, IGNORE_DUP_KEY = OFF, ALLOW_ROW_LOCKS = ON, ALLOW_PAGE_LOCKS = ON) ON [PRIMARY]
) ON [PRIMARY]

GO
/****** Object:  Table [dbo].[Sales]    Script Date: 06-Mar-19 1:53:07 PM ******/
SET ANSI_NULLS ON
GO
SET QUOTED_IDENTIFIER ON
GO
CREATE TABLE [dbo].[Sales](
	[Id] [int] IDENTITY(1,1) NOT NULL,
	[SalesDate] [datetime] NOT NULL,
	[CustomerId] [int] NULL,
	[TotalAmount] [decimal](18, 2) NOT NULL,
	[Discount] [decimal](18, 2) NOT NULL,
	[PaidAmount] [decimal](18, 2) NOT NULL,
 CONSTRAINT [PK_dbo.Sales] PRIMARY KEY CLUSTERED 
(
	[Id] ASC
)WITH (PAD_INDEX = OFF, STATISTICS_NORECOMPUTE = OFF, IGNORE_DUP_KEY = OFF, ALLOW_ROW_LOCKS = ON, ALLOW_PAGE_LOCKS = ON) ON [PRIMARY]
) ON [PRIMARY]

GO
/****** Object:  Table [dbo].[SalesItems]    Script Date: 06-Mar-19 1:53:07 PM ******/
SET ANSI_NULLS ON
GO
SET QUOTED_IDENTIFIER ON
GO
CREATE TABLE [dbo].[SalesItems](
	[Id] [int] IDENTITY(1,1) NOT NULL,
	[ProductId] [int] NOT NULL,
	[QTY] [int] NOT NULL,
	[Price] [decimal](18, 2) NOT NULL,
	[SalesId] [int] NOT NULL DEFAULT ((0)),
 CONSTRAINT [PK_dbo.SalesItems] PRIMARY KEY CLUSTERED 
(
	[Id] ASC
)WITH (PAD_INDEX = OFF, STATISTICS_NORECOMPUTE = OFF, IGNORE_DUP_KEY = OFF, ALLOW_ROW_LOCKS = ON, ALLOW_PAGE_LOCKS = ON) ON [PRIMARY]
) ON [PRIMARY]

GO
/****** Object:  Table [dbo].[Stock]    Script Date: 06-Mar-19 1:53:07 PM ******/
SET ANSI_NULLS ON
GO
SET QUOTED_IDENTIFIER ON
GO
CREATE TABLE [dbo].[Stock](
	[Id] [int] IDENTITY(1,1) NOT NULL,
	[ProductId] [int] NOT NULL,
	[PurchasePrice] [decimal](18, 2) NOT NULL,
	[SalesPrice] [decimal](18, 2) NOT NULL,
 CONSTRAINT [PK_dbo.Stock] PRIMARY KEY CLUSTERED 
(
	[Id] ASC
)WITH (PAD_INDEX = OFF, STATISTICS_NORECOMPUTE = OFF, IGNORE_DUP_KEY = OFF, ALLOW_ROW_LOCKS = ON, ALLOW_PAGE_LOCKS = ON) ON [PRIMARY]
) ON [PRIMARY]

GO
/****** Object:  Table [dbo].[Supplier]    Script Date: 06-Mar-19 1:53:07 PM ******/
SET ANSI_NULLS ON
GO
SET QUOTED_IDENTIFIER ON
GO
CREATE TABLE [dbo].[Supplier](
	[Id] [int] IDENTITY(1,1) NOT NULL,
	[Name] [nvarchar](max) NULL,
	[Phone] [nvarchar](max) NULL,
 CONSTRAINT [PK_dbo.Supplier] PRIMARY KEY CLUSTERED 
(
	[Id] ASC
)WITH (PAD_INDEX = OFF, STATISTICS_NORECOMPUTE = OFF, IGNORE_DUP_KEY = OFF, ALLOW_ROW_LOCKS = ON, ALLOW_PAGE_LOCKS = ON) ON [PRIMARY]
) ON [PRIMARY] TEXTIMAGE_ON [PRIMARY]

GO
INSERT [dbo].[__MigrationHistory] ([MigrationId], [ContextKey], [Model], [ProductVersion]) VALUES (N'201903051526577_ini', N'ShopData.Migrations.Configuration', 0x1F8B0800000000000400ED5DCD6EDC3610BE17E83B083AB585B3B29D4B6AEC2670D7716134FEA9D70EDA93414BF45AA844A92265AC51F4C97AE823F5154AEA97124989D26AFF924581C2163933E4CCC7E1909C71FEFBE7DFF18785EF192F30C26E8026E6D1E8D03420B203C745F3891993A737EFCC0FEFBFFD66FCD1F117C6E7BCDF5BD68F52223C319F09094F2C0BDBCFD00778E4BB7614E0E0898CECC0B7801358C787873F5A474716A42C4CCACB30C6B73122AE0F935FE8AFD300D9302431F02E03077A38FB4E5B660957E30AF81087C0861373F61C84678000D338F55C40E5CFA0F7641A00A18000424777728FE18C44019ACF42FA017877AF21A4FD9E80876136EA93B2BBEE040E8FD904AC92306765C798047E4786476F338D5875F25E7A350B8D519D7DA4BA25AF6CD689DE26E634110123D3A80B3B997A11EB58AA7594586094931C1879C341617D0A12F6DF81318D3D12477082604C22E01D1837F1A3E7DABFC0D7BBE00F882628F63C7E64746CB4ADF2817EBA89821046E4F5163E65E3BD704CC3AAD25975C2828CA349677281C8DB63D3B8A2C2C1A3070BC373B39E9120823F43042340A07303088111623C60A23A417A4D16FB7F2E8D228D2E15D3B8048B4F10CDC9F3C4A43F9AC6B9BB804EFE251BC13D72E9CAA244248A619B909BE7000D2D656C95D868440C1D8B13DBA40360328A3D5E36869738B29F018637916B17D2CEA0EDFAC0338D9B88FE94F9F877A631B3019BA96CDACD5266940E0F29421F92D9FCBA603223D983B2012F542DA52DE9CF772E036B5758C461E8B9301226D04C7647E7E29DFA018D065686D83317DB2B1570035C67E8395C8117779E9859A168D3B8855ED2013FBB611A0415787F287B9D47817F1B789CBD8BC68759403F31DB07AA1E77209A43D273C19683D05EB039C97EC14A647D05514706C00B027DDCC3CF27747BECC8CC9A4667ED229BD9FC7AF7FB720C060E4E946EB2885F1BBC64829687A2A7E8292B1D94DEB2DA6B398FC982AB2EEE92F5DFE35D222BD1CC20914D7E10DE47362B5EB2E5258564CD26F67C28BB948BB5DA22ACD25AF3F2CBB3EBDE5412ED17AA0C62FB8DA90A72E5AE24B6CAC13EE47E4402FB8F2E5867FDF7305F1DCC77F48EA7F782607892AE05BE415C0695D62E2BE014E3C0769361D4345E1EA9ABF3FA881CA3F57C9DAE153EF6A4672ABA125CDACFA6C398983F080A6B629C4F89635C1EB6AB8C0F47A32381375D373062C005DE942A9CAE4417117191B9C87643E0B50DA346A8B93E99110A11F596331842C496569B6E7564F37753E2180A5135EFD1A6A3B1C581450F4355D7DE666E85AB17B1944524DD0125DF297809F9CAABF23EAAAB7D7C8DCEA00709344EEDF4056C0AB00D1CD10DD075E70C8845E90CD68847A98D74E473FBC14620598BA755485105D79CDF498FACFAE05304E41CCB32CA5F952B938F610DB891EB5347307F0CDD1C62F43C5853A45A434E67DFD510E2EE82E3520F7F5DE8DB5D9755090695F89047861CECD2334D07C449A3C99D009B6CE4EBC099CC06DB07B1F408406908A58051368653162CDA49E7B347D60817B234887B0CB35330CE9E3CEAF861CC679008B75BE5C943D8EF040C567914401358142D6D1C8AE387C8A2686AE1519E34041E6593E63832F7AF1C4CD6DE36A234061187937ED7A1560D846F6CE3933A169145FABD46CD6152540BF77ECBF5533EF2D6978ACE99B4183D0F0A61D1E91C42394E4AFB5BD5E9765045ED3A4CAD8E86D0A4C3F14AA216A9F53B9CA778968A65DA5D3DF5FB70512F4D11BE4E8CCF9B55B68E74827A8E87D2C9F59C7B2B2EDAE255DD88B5AE8776383484A8ABC142F5964CA20A75E4A4113BF10A90B9328D6069A969E77775C5465DB48DAD343B38FB30B61469C4E34B10862E9A7369C5D9176396E6144FDFCCBAA7DDFA290FCBC692ECDB62B485241244600E6BAD54341DE9B91B61C26ECC1F13373C757CA19B342C516C48B9C85AE4215A2DDFA97202F67386A9FC625F455DEAF09C4ECB67C15F72452E5BF202A9C1F2BA810722C98DFC34F0621FA9E35035759A1FC3D3A75FF43964C92F3C8BEC93C8636CD5E62F04AC827E8520BF6A2F2D6BAA57B1863115C41AB654526EAD29AB2F251593569BF479F2EF223C43FEFBF600258FEAFA214541AD031525E96AB052CD6395193A6DE96067EEC1A062E786870435B74A2608CFAED2A0CFAFCCFAE099955F3B688E4BEFA8E88DFBBE35786E38ED68E05945AD816735E9D6FABE1DD8C62A87ABA55C949445073FA5A05F91B32A6FB82AE6515F7CA97925392F3C97E44397B1885BE3966D62E9C9B3DF8A9791EA2C7739DD6AE0C0A5290A0145D75D8B7F21E29935BD1CA9B9ED77ADE100BC849353D3EB4279EFDEB6D8BD25F729FD802123D5C1849C6EFBE1F0951CE884DBAE7A97427A71EB55BBDD1A67374DED95F4C2D553DA8565F9052FAEC3AE9D66AF98FA8F510AB93FBD290D84997FCD3B5C02E43E414CD2E44DF3F8F0E8B85696BF3D25F216C68E27B9A993D5C957EDB5860C549769B535C7B4631E677A6E4805A017C01649F49D0F16DFF39C3A178575E0D4B9DC7CAFF7F6745F67F5E9BE4B8AE85ED2FD65D85D5651EDD09FC93015D5C9988544840BE4C0C5C4FC2B213B312E7E7B28290F8CEB887AE913E3D0F8BB2BF624054C8323AF5EC034B800B180695DD056A48BEF2AB477682B515FEBECACF685EA115D575010AA3C41D7E2AA44F032A5556B5B7FE235CECE9A5F2866EDBDA988C5ACBA482A29F79BCAE63615C585CECE227BEFD8BA6340BCC0D99BBF9FF9BFB0E3D532C58B65E666DF9A42311DB267E163BF5477F5FBEEE0E9ED0DB911A2AC5D2B3ECCD3F3D65CDFA048A65DA6DEB15F61A132436A653052BDEE6CBA3CA277D16099EADBB7A8AF964BDBA7E0B097F51B921D872F9251BC4F8B8276A9F46FF3FE834FD2EE596DB8ED9EA3F151780BDD8656E1DE162027CD6EEF5E2BB8F57851BC156F1A2AB597CEDCDD0909F17583F5A8AC4B5F3669E8FD18500BA7A1F590757732FEAA520781BD4E519E54C0A0257B3209AB2AE86B9ACD20357FD2C90C5B0EA8143148B9A094FB062B09EB106AACF7531C076549E2DB5C29585DF64DE54B4D271865CAE9565501D6BD6863D19E2C44175228B7B2D0AFAF4D45AFD05211B8C93ABEDE93E45D92BAE06F985A3D314B894612DCBF0A42A318ECCE4B16ECDF0841D0AEC410459F0BF414E4D14C6D447997DAADDC2524C0A101C66944DC276013DA6C438C933F77FC197831EDF2D17F84CE05BA8E4918133A65E83F7A953FF4C642A226F949416275CCE3EB30F91B67434C810ED3652F41D7E8A7D8F59C62DCE7922B43050B166B65F7B9CC9684DDEBCE5F0B4E5742D1808A51A6BE2244BC837EE85166F81ACDC00BEC33B67B0C3FC139B05FF364333593764354D53E3E73C13C023ECE7894F4F4578A61C75FBCFF1F1651436D1C670000, N'6.2.0-61023')
INSERT [dbo].[__MigrationHistory] ([MigrationId], [ContextKey], [Model], [ProductVersion]) VALUES (N'201903051941245_ini1', N'ShopData.Migrations.Configuration', 0x1F8B0800000000000400ED5D5F6FE4B6117F2F90EF20E8A92D1CCBF6BDA4C66E02677D2E8CC667F7D617B44F062D71D742244A9528C346904F96877EA47E8592FACBBF12A5D5EE6A738B030EB6C8190E873F0E392467FCBFDFFF3BFBE12D0CAC5798A47E84E6F6F9E9996D41E4469E8FD6733BC3AB6FBFB37FF8FE9B3FCD3E7AE19BF57355EF03AD4728513AB75F308E2F1D27755F6008D2D3D07793288D56F8D48D42077891737176F637E7FCDC8184854D7859D6EC7386B01FC2FC17F2EB22422E8C710682BBC883415A7E2725CB9CABF50984308D810BE7F6F2258AAF0106B67515F880B4BF84C1CAB600421106984877F925854B9C4468BD8CC907103CBEC790D45B812085A5D4974D75D30E9C5DD00E380D61C5CACD521C853D199E7F2835E288E483F46AD71A233AFB48748BDF69AF73BDCDED45DE044C6C4B6CEC721124B462A3D6D37C044E2B9213AB2A38A9479F8084FE3BB1165980B304CE11CC70028213EB217B0E7CF71FF0FD31FA05A239CA8280958CC846CAB80FE4D34312C530C1EF9FE1AA94F7D6B32D87A77344C29A8CA1297A728BF0870BDBFA441A07CF01AC079EE9F5124709FC3B443001187A0F00639820CA03E6AA935A17DAA2FF57AD11A491A9625B77E0ED2788D6F8656E931F6DEBC67F835EF5A594E00BF2C9CC224438C96057230F2F111ABB9599D360A3153144162F73710FC0941447BCEC0D2F59E2BE80143E24BE5BB7760D5D3F04816D3D24E4A7D2C67F675B4B17D09EAABADDDECA92D0A56336610EC9B27F7D3059921C41D98217A296662CC9CF8F3E056B5F5864711CF830913AD04EF648FA125C8511D90D6C0DB1D77EEA6EB58107E07B63F7E11378F5D7F9306B146D5B9F619057485FFCB8D804D5787F6A6ADD2451F8390A98F1AE0B9F9611F944C73ED2D57804C91AE28113B611C278C25624C709AB68EB2BD8759400BCC5304C07D8F99CEE881DD5B0561AEA6CB3834FB1CBDB94CD3F1FFFBDA91CA36E72B4E6B6DE07B758DB1C754F754DD9E27215B45697AFA5B2BCAD82D6BBA36E49EBAA5A51EB85A05DD6AADA66CB04DD51F6592368FDE32457B4956B6694ED5CE5FD1FB7735BB62FCDC98C62DAE6E3F9D45469A62B5F224D53A178F3E9D977416E888E135505B17156D142CBC7A578C5E04DB50ECBA5EA19B3D90A5CAE63EDD2959594B215B3B645B2A2C266B31947EE2F7D2632AD7F9CC3DB9BC3077A6A3778A2523C29E7285B204F02AEB4CF0CB84AD3C8F57331048D3787247CBF3E22CFEA3C3129E60ABBB7265E3299093EA9E71231E6F65F2585B531AEBAC4306E8E4F78C667A7A7E7126F326F6042810B8205513899893EC2F224F391EBC720E8124320349C9F7410EA26C4926B184344A756976E4DDA664F1B6519EAA604EBD1A5A399C380C50C43FC92D335DC9A2548C652B9DDEA0F28F50AC6B650CD3C9EF7B9A8F6D93DBA8601C4D0BA728B3BCD05485DE0C96680CC3B6F442C2A7BB0433C2AC7C8A47D663D9802242BAB648818C9E11F1F94E26181810D9D1C2C853EEC1E97C23819019339FADB0B3205375607179D4FCBAC88C5E6D91C811A3F9861D938D7DB5A64D532EC00396A7D9A34CC9EFEEC0F31666B6B9B6F2720A7B7016B710A0F6149D58BBF2BF41DEC622A79EC061011DCF711C1C7FBFD5D067152C0E344DF2DECB8F130F22AAAE3B4FD408EF38CB5A850BBC90C248A039E1E3853BAD60761DF5492EF0263AA31989E552BCE43080D2614302965B8A29EB39B57BE7EA685F04DF5CAEF4B0ACB23C1B4BCD117F143992F2196EE319A6318698B256190E751034D6251977471A8FD0899455DD4C1A3397691783445867294465F2B4C59DE255161E565718AEF26D43A41D8C22E3E8561915914DF056A0693B25A98E7494C3DED1B2671AA981CD0D5D2B3A090269DC9891CC3493BFE0EDFDD1EAA10EE2CF4EA68D90DF7386B52A84539FA3D0E9758969A69BAB17AEA11ECD48FF2D8A3CFC1C7181A124F3A0CC0384047E2EDB0AC9B36C7DBC4F566A1AFB23526BE36C343BB100CEC7BE7DCE972234D1D49510FDD8068F11CB7325FE41BC6566D287C1A33AF66234DF06E4C17B8866881BF5C52A840BFC736D865B312AB163D836DF546835F5D71D55BBABA6CE6146152E58799A389A79ADD8138F6D19A89AF2ABF58CB22B86AF1EDB27FFC5158F0705C0E53E206B46E0947095843A194344D24BDF19314D38BE6E7DC462EBC50AAA6DCC06AB62E5593C21E551EB56A4F5311D09F4B4C55F7E13AEA468737A45B217513F29B6595E193482D1AE0060290282EB21751908548EFB1E8A98B87C22C7DF1C59C43F90A9865517E9279CC1CA1FF926B23E9577207F9F1321A4DFD2C36184C0DB1C1586A29273B94FC03036E48F922739EEC73029621FB7D3A40D1EF094D90A2A136818A96743B58E1037A54035D94F41867E69E9D1BE796FB773D37EE7528CB8E2B30E7D7BC046599355F7B688E79F2C9E98DF93E193CB7F8C50678D6511BE0594F3A59DB7700CB18E7646E64A2942C7AD8290DFD768D95C8A5EDB6BA855B73B2CA31D31FB8EA79E50F62592EF9873EB2C80BEDC496449DFF67623F54A426C6434DB71D70318110D2F6A4EF1AC85E86B3CCDA2EC9F5DC8E6BE07800DEC064EAE94DA1BC5B6339A279AB6F39A59971349322CAF2539E610053919A604B4D377D587D256EA674062756A95BAFCFE28433B75979FED59DE8483A102BAAD027FBD1ABEFD1C3B0E57B4AECD06901B9FF040BB23DA776BAAA700790BF82292E2231EC8BB3F30B216BD27432183969EA058AF343551A237EBC76104EE253AD76068CF40CCA28BC99A201F40AE82449FE1C82B7BFB09C7AC7ECF7E0D43B1BD051EFDDB13BDEF66377366CA27FC69D3FC6B8AB12DE78E4673C4EC29B5C66E921CD2DF2E0DBDCFE3527BBB46EFFF5D4509E58F709B1D297D699F55B5FEC2942AD47479E186A3D7A0372A8F5AEA0AD89FD3A54681FD052A23F6C3A58EDCBC9554C6D4143A9B305C3B2B218B75F116ED43C13429E37BC4900F9CE0C80E259F7A1E24FCAFB31785593F37E9822A9A13CAE6AFB5BD5342753078BEC3D1B3621C186F10EAF20FBFA6CAA7C787544DEC015FD8FE55A6E9285A179753D343982FC507760068761612AFA1BF7D143535A5EAB28E29D0E2C8B42F56072C7B1499A67DE9BC4C80F0B45D7BE59DB1A8C743764FB0E6D1A2DFBC1EEB3104C064D7D2CC5EEE17420390B9A9086A139058497F243F21D0C1AFF96E7CCA38FBFEECD88DCD021651ED8FF7AC486600C8C379FFA4AD4FA50637ACB50BFBC013B8EE5DF3F70CC0DC16E61730891FF13303745D053FF64039337329AC73AFBB62FC253936A8D94E2A4C4011B109A5F3C2D21FEFF734446B8F0EFC70CDC57F1AF0B0DA3E95BA3FA950D8C1AF3AF6A615B1901DA7A334AD2006567C6CD27A06D62947C034AEE7B4C452042A8356180C61755C50E8D1E4B3F62AA017EDAB745B5B639BEDA4884D1BBBE8D3402C3534D6CBFFB236608101791D6807ED54E570A051835E8BD05D5BD92000C85B46C143B62E42712E33F24C7C3B6BB395610FFE0B164171E7DB4FF3881FAF26360B25F64FE362AD9ABA6FEBA6141FF522A822EB753ACEBDCA25554ED590589AA2AC205D01DC4C023DBC8AB04FB2BE06252ECC234CDFFE8D3CF20C848958FE133F46ED17D86E30C932EC3F039E092A3D38D6F5BFB7936025EE6D97D9CE7051FA30B444C9FBE77B8473F667EE0D572DF286EA7342CE88EBABC3AA46389E915E2FABDE6F4498A18D4312AD5573B028F308C03C22CBD474BF00A87C8F625853FC13570DFAB37DD7A26DD03C1AB7D76ED837502C2B4E4D1D0935F0986BDF0EDFBFF03D8DE72AD22780000, N'6.2.0-61023')
SET IDENTITY_INSERT [dbo].[Customer] ON 

INSERT [dbo].[Customer] ([Id], [Name], [Phone]) VALUES (1, N'Hassan', N'01735807216')
INSERT [dbo].[Customer] ([Id], [Name], [Phone]) VALUES (2, N'Salim', N'01700666640')
INSERT [dbo].[Customer] ([Id], [Name], [Phone]) VALUES (3, N'Sohan', N'0173580878797')
INSERT [dbo].[Customer] ([Id], [Name], [Phone]) VALUES (4, N'Ratul', N'01547979656')
SET IDENTITY_INSERT [dbo].[Customer] OFF
SET IDENTITY_INSERT [dbo].[Product] ON 

INSERT [dbo].[Product] ([Id], [Name], [PurchasePrice], [SalesPrice]) VALUES (1, N'Product 1', CAST(45.38 AS Decimal(18, 2)), CAST(50.00 AS Decimal(18, 2)))
INSERT [dbo].[Product] ([Id], [Name], [PurchasePrice], [SalesPrice]) VALUES (2, N'Product2', CAST(36.34 AS Decimal(18, 2)), CAST(40.00 AS Decimal(18, 2)))
INSERT [dbo].[Product] ([Id], [Name], [PurchasePrice], [SalesPrice]) VALUES (3, N'Product 3', CAST(24.67 AS Decimal(18, 2)), CAST(30.00 AS Decimal(18, 2)))
SET IDENTITY_INSERT [dbo].[Product] OFF
SET IDENTITY_INSERT [dbo].[Purchase] ON 

INSERT [dbo].[Purchase] ([Id], [PurchaseDate], [SupplierId], [TotalAmount], [Discount], [PaidAmount]) VALUES (1, CAST(N'2019-03-06 00:00:00.000' AS DateTime), 1, CAST(81.72 AS Decimal(18, 2)), CAST(0.00 AS Decimal(18, 2)), CAST(81.72 AS Decimal(18, 2)))
SET IDENTITY_INSERT [dbo].[Purchase] OFF
SET IDENTITY_INSERT [dbo].[PurchaseItems] ON 

INSERT [dbo].[PurchaseItems] ([Id], [ProductId], [QTY], [Price], [PurchaseId]) VALUES (1, 1, 1, CAST(45.38 AS Decimal(18, 2)), 1)
INSERT [dbo].[PurchaseItems] ([Id], [ProductId], [QTY], [Price], [PurchaseId]) VALUES (2, 2, 1, CAST(36.34 AS Decimal(18, 2)), 1)
SET IDENTITY_INSERT [dbo].[PurchaseItems] OFF
SET IDENTITY_INSERT [dbo].[Sales] ON 

INSERT [dbo].[Sales] ([Id], [SalesDate], [CustomerId], [TotalAmount], [Discount], [PaidAmount]) VALUES (3, CAST(N'2019-03-04 00:00:00.000' AS DateTime), 1, CAST(50.00 AS Decimal(18, 2)), CAST(2.00 AS Decimal(18, 2)), CAST(48.00 AS Decimal(18, 2)))
INSERT [dbo].[Sales] ([Id], [SalesDate], [CustomerId], [TotalAmount], [Discount], [PaidAmount]) VALUES (4, CAST(N'2019-03-05 00:00:00.000' AS DateTime), 1, CAST(50.00 AS Decimal(18, 2)), CAST(5.00 AS Decimal(18, 2)), CAST(45.00 AS Decimal(18, 2)))
INSERT [dbo].[Sales] ([Id], [SalesDate], [CustomerId], [TotalAmount], [Discount], [PaidAmount]) VALUES (5, CAST(N'2019-03-06 00:00:00.000' AS DateTime), 1, CAST(50.00 AS Decimal(18, 2)), CAST(0.00 AS Decimal(18, 2)), CAST(50.00 AS Decimal(18, 2)))
INSERT [dbo].[Sales] ([Id], [SalesDate], [CustomerId], [TotalAmount], [Discount], [PaidAmount]) VALUES (7, CAST(N'2019-02-12 00:00:00.000' AS DateTime), 3, CAST(230.00 AS Decimal(18, 2)), CAST(0.00 AS Decimal(18, 2)), CAST(230.00 AS Decimal(18, 2)))
INSERT [dbo].[Sales] ([Id], [SalesDate], [CustomerId], [TotalAmount], [Discount], [PaidAmount]) VALUES (8, CAST(N'2019-02-12 00:00:00.000' AS DateTime), 4, CAST(120.00 AS Decimal(18, 2)), CAST(0.00 AS Decimal(18, 2)), CAST(120.00 AS Decimal(18, 2)))
SET IDENTITY_INSERT [dbo].[Sales] OFF
SET IDENTITY_INSERT [dbo].[SalesItems] ON 

INSERT [dbo].[SalesItems] ([Id], [ProductId], [QTY], [Price], [SalesId]) VALUES (4, 1, 1, CAST(50.00 AS Decimal(18, 2)), 3)
INSERT [dbo].[SalesItems] ([Id], [ProductId], [QTY], [Price], [SalesId]) VALUES (5, 1, 1, CAST(50.00 AS Decimal(18, 2)), 4)
INSERT [dbo].[SalesItems] ([Id], [ProductId], [QTY], [Price], [SalesId]) VALUES (6, 1, 1, CAST(50.00 AS Decimal(18, 2)), 5)
INSERT [dbo].[SalesItems] ([Id], [ProductId], [QTY], [Price], [SalesId]) VALUES (8, 1, 3, CAST(50.00 AS Decimal(18, 2)), 7)
INSERT [dbo].[SalesItems] ([Id], [ProductId], [QTY], [Price], [SalesId]) VALUES (9, 2, 2, CAST(40.00 AS Decimal(18, 2)), 7)
INSERT [dbo].[SalesItems] ([Id], [ProductId], [QTY], [Price], [SalesId]) VALUES (10, 3, 4, CAST(30.00 AS Decimal(18, 2)), 8)
SET IDENTITY_INSERT [dbo].[SalesItems] OFF
SET IDENTITY_INSERT [dbo].[Supplier] ON 

INSERT [dbo].[Supplier] ([Id], [Name], [Phone]) VALUES (1, N'Akash', N'0167548348')
SET IDENTITY_INSERT [dbo].[Supplier] OFF
/****** Object:  Index [IX_SupplierId]    Script Date: 06-Mar-19 1:53:07 PM ******/
CREATE NONCLUSTERED INDEX [IX_SupplierId] ON [dbo].[Purchase]
(
	[SupplierId] ASC
)WITH (PAD_INDEX = OFF, STATISTICS_NORECOMPUTE = OFF, SORT_IN_TEMPDB = OFF, DROP_EXISTING = OFF, ONLINE = OFF, ALLOW_ROW_LOCKS = ON, ALLOW_PAGE_LOCKS = ON) ON [PRIMARY]
GO
/****** Object:  Index [IX_ProductId]    Script Date: 06-Mar-19 1:53:07 PM ******/
CREATE NONCLUSTERED INDEX [IX_ProductId] ON [dbo].[PurchaseItems]
(
	[ProductId] ASC
)WITH (PAD_INDEX = OFF, STATISTICS_NORECOMPUTE = OFF, SORT_IN_TEMPDB = OFF, DROP_EXISTING = OFF, ONLINE = OFF, ALLOW_ROW_LOCKS = ON, ALLOW_PAGE_LOCKS = ON) ON [PRIMARY]
GO
/****** Object:  Index [IX_PurchaseId]    Script Date: 06-Mar-19 1:53:07 PM ******/
CREATE NONCLUSTERED INDEX [IX_PurchaseId] ON [dbo].[PurchaseItems]
(
	[PurchaseId] ASC
)WITH (PAD_INDEX = OFF, STATISTICS_NORECOMPUTE = OFF, SORT_IN_TEMPDB = OFF, DROP_EXISTING = OFF, ONLINE = OFF, ALLOW_ROW_LOCKS = ON, ALLOW_PAGE_LOCKS = ON) ON [PRIMARY]
GO
/****** Object:  Index [IX_CustomerId]    Script Date: 06-Mar-19 1:53:07 PM ******/
CREATE NONCLUSTERED INDEX [IX_CustomerId] ON [dbo].[Sales]
(
	[CustomerId] ASC
)WITH (PAD_INDEX = OFF, STATISTICS_NORECOMPUTE = OFF, SORT_IN_TEMPDB = OFF, DROP_EXISTING = OFF, ONLINE = OFF, ALLOW_ROW_LOCKS = ON, ALLOW_PAGE_LOCKS = ON) ON [PRIMARY]
GO
/****** Object:  Index [IX_ProductId]    Script Date: 06-Mar-19 1:53:07 PM ******/
CREATE NONCLUSTERED INDEX [IX_ProductId] ON [dbo].[SalesItems]
(
	[ProductId] ASC
)WITH (PAD_INDEX = OFF, STATISTICS_NORECOMPUTE = OFF, SORT_IN_TEMPDB = OFF, DROP_EXISTING = OFF, ONLINE = OFF, ALLOW_ROW_LOCKS = ON, ALLOW_PAGE_LOCKS = ON) ON [PRIMARY]
GO
/****** Object:  Index [IX_SalesId]    Script Date: 06-Mar-19 1:53:07 PM ******/
CREATE NONCLUSTERED INDEX [IX_SalesId] ON [dbo].[SalesItems]
(
	[SalesId] ASC
)WITH (PAD_INDEX = OFF, STATISTICS_NORECOMPUTE = OFF, SORT_IN_TEMPDB = OFF, DROP_EXISTING = OFF, ONLINE = OFF, ALLOW_ROW_LOCKS = ON, ALLOW_PAGE_LOCKS = ON) ON [PRIMARY]
GO
/****** Object:  Index [IX_ProductId]    Script Date: 06-Mar-19 1:53:07 PM ******/
CREATE NONCLUSTERED INDEX [IX_ProductId] ON [dbo].[Stock]
(
	[ProductId] ASC
)WITH (PAD_INDEX = OFF, STATISTICS_NORECOMPUTE = OFF, SORT_IN_TEMPDB = OFF, DROP_EXISTING = OFF, ONLINE = OFF, ALLOW_ROW_LOCKS = ON, ALLOW_PAGE_LOCKS = ON) ON [PRIMARY]
GO
ALTER TABLE [dbo].[Purchase]  WITH CHECK ADD  CONSTRAINT [FK_dbo.Purchase_dbo.Supplier_SupplierId] FOREIGN KEY([SupplierId])
REFERENCES [dbo].[Supplier] ([Id])
GO
ALTER TABLE [dbo].[Purchase] CHECK CONSTRAINT [FK_dbo.Purchase_dbo.Supplier_SupplierId]
GO
ALTER TABLE [dbo].[PurchaseItems]  WITH CHECK ADD  CONSTRAINT [FK_dbo.PurchaseItems_dbo.Product_ProductId] FOREIGN KEY([ProductId])
REFERENCES [dbo].[Product] ([Id])
ON DELETE CASCADE
GO
ALTER TABLE [dbo].[PurchaseItems] CHECK CONSTRAINT [FK_dbo.PurchaseItems_dbo.Product_ProductId]
GO
ALTER TABLE [dbo].[PurchaseItems]  WITH CHECK ADD  CONSTRAINT [FK_dbo.PurchaseItems_dbo.Purchase_PurchaseId] FOREIGN KEY([PurchaseId])
REFERENCES [dbo].[Purchase] ([Id])
ON DELETE CASCADE
GO
ALTER TABLE [dbo].[PurchaseItems] CHECK CONSTRAINT [FK_dbo.PurchaseItems_dbo.Purchase_PurchaseId]
GO
ALTER TABLE [dbo].[Sales]  WITH CHECK ADD  CONSTRAINT [FK_dbo.Sales_dbo.Customer_CustomerId] FOREIGN KEY([CustomerId])
REFERENCES [dbo].[Customer] ([Id])
GO
ALTER TABLE [dbo].[Sales] CHECK CONSTRAINT [FK_dbo.Sales_dbo.Customer_CustomerId]
GO
ALTER TABLE [dbo].[SalesItems]  WITH CHECK ADD  CONSTRAINT [FK_dbo.SalesItems_dbo.Product_ProductId] FOREIGN KEY([ProductId])
REFERENCES [dbo].[Product] ([Id])
ON DELETE CASCADE
GO
ALTER TABLE [dbo].[SalesItems] CHECK CONSTRAINT [FK_dbo.SalesItems_dbo.Product_ProductId]
GO
ALTER TABLE [dbo].[SalesItems]  WITH CHECK ADD  CONSTRAINT [FK_dbo.SalesItems_dbo.Sales_SalesId] FOREIGN KEY([SalesId])
REFERENCES [dbo].[Sales] ([Id])
ON DELETE CASCADE
GO
ALTER TABLE [dbo].[SalesItems] CHECK CONSTRAINT [FK_dbo.SalesItems_dbo.Sales_SalesId]
GO
ALTER TABLE [dbo].[Stock]  WITH CHECK ADD  CONSTRAINT [FK_dbo.Stock_dbo.Product_ProductId] FOREIGN KEY([ProductId])
REFERENCES [dbo].[Product] ([Id])
ON DELETE CASCADE
GO
ALTER TABLE [dbo].[Stock] CHECK CONSTRAINT [FK_dbo.Stock_dbo.Product_ProductId]
GO
/****** Object:  StoredProcedure [dbo].[spSavePurchase]    Script Date: 06-Mar-19 1:53:07 PM ******/
SET ANSI_NULLS ON
GO
SET QUOTED_IDENTIFIER ON
GO
CREATE PROCEDURE [dbo].[spSavePurchase] 
	@date DATETIME,
	@supplierId INT,
	@totalAmount DECIMAL(18,2),
	@discount DECIMAL(18,2),
	@paidAmount DECIMAL(18,2),
	@itemList  PURCHASEITEMTYPE READONLY 

AS

BEGIN
	BEGIN TRY
		BEGIN TRANSACTION
			INSERT INTO DBO.PURCHASE(PurchaseDate,SupplierId, TotalAmount, Discount, PaidAmount)
			VALUES (@date,@supplierId,@totalAmount,@discount,@paidAmount)
			 DECLARE @PurchaseId INT = (SELECT max(Id) FROM dbo.Purchase)
			INSERT INTO PurchaseItems  SELECT  ProductId,QTY,Price,(SELECT max(Id) FROM dbo.Purchase) FROM  @itemList
		COMMIT
	END TRY
	BEGIN CATCH
		IF @@TRANCOUNT > 0
        ROLLBACK

	END CATCH

END
GO
/****** Object:  StoredProcedure [dbo].[spSaveSales]    Script Date: 06-Mar-19 1:53:07 PM ******/
SET ANSI_NULLS ON
GO
SET QUOTED_IDENTIFIER ON
GO
CREATE PROCEDURE [dbo].[spSaveSales] 
	@date DATETIME,
	@customerId INT,
	@totalAmount DECIMAL(18,2),
	@discount DECIMAL(18,2),
	@paidAmount DECIMAL(18,2),
	@itemList  SALESITEMTYPE READONLY 

AS

BEGIN
	BEGIN TRY
		BEGIN TRANSACTION
			INSERT INTO DBO.SALES(SalesDate,CustomerId, TotalAmount, Discount, PaidAmount)
			VALUES (@date,@customerId,@totalAmount,@discount,@paidAmount)
			 DECLARE @SalesId INT = (SELECT max(Id) FROM dbo.Sales)
			INSERT INTO SalesItems  SELECT  ProductId,QTY,Price,(SELECT max(Id) FROM dbo.Sales) FROM  @itemList
		COMMIT
	END TRY
	BEGIN CATCH
		IF @@TRANCOUNT > 0
        ROLLBACK

	END CATCH

END
GO
USE [master]
GO
ALTER DATABASE [ShopDb_Hassanuzzaman_01735807216] SET  READ_WRITE 
GO
